Name	URL	ID
[Anonymous]		0
GhostPhanom		1
-Tom-	http://lunarcast.net/	2
DTM	https://github.com/DTM9025	3
qp	https://github.com/theqp	4
zorg	https://twitter.com/zorg_z0rg_z0r8	5
Splashman	http://realitydreamers.de/	6
Egor	https://opensrc.club/	7
rosenrose		8
Touhou Patch Center	https://thpatch.net/	9
Yanga		10
KirbyComment	https://www.twitch.tv/KirbyComment	11
Myles		12
Ember2528		13
iruleatgames		14
Blue Bolt		15
Lmocinemod	https://twitter.com/Lmocinemod	16
nrook		17
Arandui	https://twitter.com/TheArandui	18
GhostRiderCog		19
LeyDud		20
JonathKane		21
Enderwolf		22
32th System	https://www.youtube.com/@32th	23
alp-bib		24
